{
    "rmse": 0.6105377187881963,
    "mae": 0.6424006513778904,
    "r2": 0.03704235099637576
}